<?xml version="1.0" encoding="UTF-8"?>
<!DOCTYPE hibernate-mapping PUBLIC 
    "-//Hibernate/Hibernate Mapping DTD 3.0//EN"
    "http://www.hibernate.org/dtd/hibernate-mapping-3.0.dtd">
<hibernate-mapping>
	<class name="dto.EmployeeDTO">
		<id name="id">
			<generator class="increment"></generator>
		</id>
		<property name="name"></property>
		<property name="age"></property>
		<property name="salary"></property>
		<property name="location"></property>
	</class>
</hibernate-mapping>